Annual Distance (miles/vehicle),2020.0
LDVs,10631.63991511
HDVs,24029.212952229
aircraft,1113484.26021159
rail,13292.973691557
ships,0.0
motorbikes,0.0
