Annual Distance (miles/vehicle),2020.0
LDVs,10329.34665265
HDVs,24541.088114828
aircraft,945373.627227536
rail,13093.263277962
ships,0.0
motorbikes,0.0
