Annual Distance (miles/vehicle),2020.0
LDVs,11780.656657997
HDVs,11984.402163453
aircraft,1145626.202846552
rail,281659.444444444
ships,215.47435679
motorbikes,2322.076461893
