Annual Distance (miles/vehicle),2020.0
LDVs,10633.144452704
HDVs,23775.10903271
aircraft,932664.717013312
rail,13152.233351698
ships,0.0
motorbikes,0.0
