Annual Distance (miles/vehicle),2020.0
LDVs,11839.381377844
HDVs,6679.16796126
aircraft,1210678.054486263
rail,281659.444444444
ships,202.311282243
motorbikes,2012.684405817
