Annual Distance (miles/vehicle),2020.0
LDVs,11781.803727159
HDVs,11857.697005909
aircraft,959586.931333375
rail,281237.285714286
ships,215.304250477
motorbikes,2322.844310564
