hydrogen combined cycle,Hour0,Hour1,Hour2,Hour3,Hour4,Hour5,Hour6,Hour7,Hour8,Hour9,Hour10,Hour11,Hour12,Hour13,Hour14,Hour15,Hour16,Hour17,Hour18,Hour19,Hour20,Hour21,Hour22,Hour23
Winter,0.850607209,0.850245489,0.849805995,0.846593068,0.850671776,0.854705727,0.856554682,0.828831722,0.754811871,0.722887306,0.723546914,0.721507927,0.717729674,0.70822076,0.686518278,0.73612348,0.852858239,0.8696177,0.8696177,0.8696177,0.868783836,0.865017322,0.859648014,0.853532521
Spring,0.243449018,0.238678511,0.237588948,0.239391129,0.24463488,0.248418085,0.243462316,0.212356575,0.18889199,0.184714415,0.181776355,0.18245137,0.181729122,0.180112662,0.180288753,0.1831218,0.21212087,0.272066557,0.291343018,0.302356501,0.299674782,0.293287356,0.26546452,0.246727795
Summer,0.322912965,0.318058381,0.317147207,0.316570631,0.316454249,0.313739155,0.284867209,0.267480711,0.268162031,0.270463484,0.285333707,0.295243148,0.299943041,0.30472537,0.313571856,0.324953529,0.354721615,0.399455455,0.432371189,0.454356716,0.449664097,0.430483861,0.395968845,0.347755669
Fall,0.671260035,0.650362911,0.634641827,0.629220955,0.631998478,0.645195169,0.633193587,0.489113742,0.437735794,0.449179935,0.472680987,0.482934168,0.484268292,0.499619362,0.503031095,0.548937682,0.682987738,0.716308329,0.729507786,0.729876417,0.726176972,0.714456186,0.708515219,0.694619998
Summer Peak,0.573552233,0.573552233,0.573552233,0.573552233,0.573552233,0.573552233,0.435722505,0.435722505,0.435722505,0.435722505,0.469642034,0.469642034,0.550137633,0.573552233,0.573552233,0.573552233,0.574269437,0.732265252,0.656494762,0.656494762,0.671598234,0.656494762,0.57583041,0.358559796
Winter Peak,0.871487199,0.871487199,0.871487199,0.871487199,0.871487199,0.871487199,0.871487199,0.871487199,0.871487199,0.656494762,0.656494762,0.656494762,0.656494762,0.656494762,0.656494762,0.656494762,0.871487199,0.871487199,0.871487199,0.871487199,0.871487199,0.871487199,0.871487199,0.871487199
