solar pv,Hour0,Hour1,Hour2,Hour3,Hour4,Hour5,Hour6,Hour7,Hour8,Hour9,Hour10,Hour11,Hour12,Hour13,Hour14,Hour15,Hour16,Hour17,Hour18,Hour19,Hour20,Hour21,Hour22,Hour23
Winter,0,0,0,0,0.0,0.0,0.016859182854148013,0.21020087980506683,0.4132962528995057,0.4526081132921011,0.4485447223125794,0.44906983327954525,0.46602761578123747,0.4888434837645371,0.45964396704070265,0.2440585514374161,0.030748164399021973,0.0,0.0,0,0,0,0,0
Spring,0,0,0,0,0.007576455715239354,0.14861465797973228,0.4265853822308235,0.626211223690811,0.6874227216262823,0.7054199841278281,0.703105945381281,0.6986774417160719,0.6925816768088477,0.683119728980309,0.6666896581243601,0.6068372975323283,0.4090268429316526,0.11544356554450177,0.002481952137146538,0,0,0,0,0
Summer,0,0,0,0,0.024661609091904582,0.27238134438388745,0.5617221036795337,0.6781207135929925,0.7236499300483841,0.7356608809976292,0.731482457095973,0.7153086265320142,0.6964976479024947,0.6684174913975595,0.6324258906959416,0.5726993595470841,0.4590048577044785,0.22211829469723038,0.019986365865269577,0,0,0,0,0
Fall,0,0,0,0,0.0,0.024311656816003707,0.28768452826311236,0.5558417959782694,0.6167727153370653,0.6170319305331958,0.6015139787095969,0.5944281948943262,0.6004020819472488,0.6058848244180298,0.5856873561590271,0.45062941752264724,0.1607475288633915,0.008323877449418777,0.0,0,0,0,0,0
Summer Peak,0,0,0,0,0.0,0.1419450476467214,0.4116354368179382,0.5493153712704378,0.6104313225291031,0.6000806209967845,0.5980520915507522,0.532983108551101,0.5080686058677811,0.47758865060175754,0.3313784897608143,0.26064002702738037,0.1570809981286547,0.05138941263281816,0.0,0,0,0,0,0
Winter Peak,0,0,0,0,0.0,0.0,0.0,0.07515961665427352,0.208314370034855,0.24035473256705744,0.3000663172861619,0.32014355744432776,0.3212878561061921,0.3232123584011458,0.23889835245195734,0.07547169810750926,0.0,0.0,0.0,0,0,0,0,0
