solar pv,Hour0,Hour1,Hour2,Hour3,Hour4,Hour5,Hour6,Hour7,Hour8,Hour9,Hour10,Hour11,Hour12,Hour13,Hour14,Hour15,Hour16,Hour17,Hour18,Hour19,Hour20,Hour21,Hour22,Hour23
Winter,0,0,0,0,0.0,0.0,0.016776701529990123,0.20917249977885402,0.4112742555996628,0.45039378791038476,0.44635027653424963,0.4468728184652035,0.46374763725699225,0.48645188162132086,0.4573952196743156,0.24286452722706345,0.030597733068097068,0.0,0.0,0,0,0,0,0
Spring,0,0,0,0,0.007539388906887916,0.14788758040512584,0.42449836962189735,0.6231475680332745,0.6840595968042505,0.7019688100773619,0.6996660924595799,0.6952592546633222,0.6891933124803459,0.6797776559811535,0.6634279670756188,0.6038684262482407,0.40702573315587104,0.1148787731560453,0.002469809514307734,0,0,0,0,0
Summer,0,0,0,0,0.024540955428476046,0.27104875465192657,0.5589739525193578,0.674803097615995,0.7201095683966051,0.732061757355589,0.7279037758406891,0.7118090736053785,0.6930901252029162,0.6651473471528637,0.6293318306013564,0.5698975036132304,0.4567592370960601,0.22103161029355464,0.019888585211489795,0,0,0,0,0
Fall,0,0,0,0,0.0,0.024192715247838507,0.2862770697263517,0.5531224134464342,0.6137552363343424,0.6140131833543814,0.5985711510593682,0.5915200335050211,0.5974646941049917,0.6029206129827838,0.5828219581681248,0.4484247726484965,0.15996109282135645,0.008283153979005314,0.0,0,0,0,0,0
Summer Peak,0,0,0,0,0.0,0.14125060025927427,0.409621564841296,0.5466279184090128,0.6074448679526724,0.5971448058597463,0.5951262007259567,0.5303755591267072,0.5055829473552917,0.4752521112424539,0.32975726429162205,0.25936488013896064,0.15631250010370407,0.05113799672266874,0.0,0,0,0,0,0
Winter Peak,0,0,0,0,0.0,0.0,0.0,0.07479190816220277,0.207295219508389,0.23917882880106509,0.29859828248287046,0.3185772973967876,0.3197159977286689,0.32163108465046925,0.2377295738332162,0.0751024627981704,0.0,0.0,0.0,0,0,0,0,0
