hard coal,Hour0,Hour1,Hour2,Hour3,Hour4,Hour5,Hour6,Hour7,Hour8,Hour9,Hour10,Hour11,Hour12,Hour13,Hour14,Hour15,Hour16,Hour17,Hour18,Hour19,Hour20,Hour21,Hour22,Hour23
Winter,0.809019136,0.806101071,0.810143906,0.810095439,0.810765589,0.811389167,0.81221528,0.802449225,0.702016285,0.674638406,0.68506703,0.686226729,0.681323935,0.664752672,0.639100667,0.693781422,0.782098855,0.817210135,0.817024659,0.815741219,0.815869292,0.814229522,0.807600313,0.807043885
Spring,0.31780158,0.311782749,0.308054275,0.311588134,0.320431412,0.328759554,0.300222992,0.238246601,0.223080893,0.222433081,0.220788843,0.223233877,0.22441781,0.227196226,0.229986489,0.232324231,0.259542492,0.423102181,0.465447227,0.482781108,0.478474545,0.456769117,0.381759992,0.32989001
Summer,0.802449095,0.795435818,0.786538138,0.785299406,0.784611142,0.765553069,0.653906863,0.51077017,0.515070119,0.570224643,0.648206407,0.677219073,0.681970706,0.688034085,0.692222366,0.710799764,0.765118922,0.816978871,0.827067681,0.828298897,0.828610638,0.827220151,0.824082699,0.820941309
Fall,0.821106835,0.820421792,0.819786775,0.817546348,0.819292646,0.820118576,0.818287542,0.664921702,0.553298544,0.575604799,0.666584283,0.710671015,0.714397913,0.719266718,0.721855792,0.776652058,0.822267119,0.823339094,0.824199225,0.824247209,0.824319184,0.823691824,0.823011376,0.822574929
Summer Peak,0.835876599,0.835876599,0.835876599,0.835876599,0.835876599,0.835876599,0.826192587,0.814546862,0.814546862,0.814546862,0.826192587,0.826192587,0.835876599,0.835876599,0.835876599,0.835876599,0.835876599,0.841170111,0.841170111,0.841170111,0.841170111,0.841170111,0.835876599,0.829711215
Winter Peak,0.790632646,0.790632646,0.790632646,0.790632646,0.790632646,0.790632646,0.790632646,0.790632646,0.77110893,0.666421956,0.666421956,0.580885038,0.586209688,0.620461821,0.666421956,0.666421956,0.790632646,0.790632646,0.790632646,0.790632646,0.790632646,0.790632646,0.790632646,0.790632646
