solar pv,Hour0,Hour1,Hour2,Hour3,Hour4,Hour5,Hour6,Hour7,Hour8,Hour9,Hour10,Hour11,Hour12,Hour13,Hour14,Hour15,Hour16,Hour17,Hour18,Hour19,Hour20,Hour21,Hour22,Hour23
Winter,0,0,0,0,0.0,0.0,0.012751470676303119,0.1589857811114464,0.31259730053745444,0.34233089079291373,0.33925753834339234,0.3396547068867908,0.352480753568659,0.36973757283803815,0.3476524703459806,0.18459408672879593,0.023256424707903813,0.0,0.0,0,0,0,0,0
Spring,0,0,0,0,0.005730464739541855,0.11240494095662035,0.32264855536088766,0.4736358888296072,0.5199333059541097,0.53354556504327,0.5317953380319316,0.5284458320021703,0.5238352901902354,0.5166787303901479,0.5042518192793481,0.45898238791962864,0.30936812528731467,0.0873159306440765,0.0018772285804483798,0,0,0,0,0
Summer,0,0,0,0,0.018652848592154596,0.20601607775009126,0.42485943685808897,0.5128977168811764,0.5473338146190416,0.556418317121257,0.5532579593319099,0.5410248559873387,0.5267971413666467,0.5055586688169177,0.47833636243882577,0.43316210238537495,0.3471690789485258,0.16799953746307006,0.015116720689350984,0,0,0,0,0
Fall,0,0,0,0,0.0,0.01838816161278788,0.217590666042904,0.4204118564581966,0.4664970575148252,0.4666931153546924,0.45495608697397094,0.4495967427328699,0.45411510202927835,0.4582619833133072,0.4429855949813027,0.3408343009937641,0.12158165780172457,0.006295778397307635,0.0,0,0,0,0,0
Summer Peak,0,0,0,0,0.0,0.10736037021321498,0.31134113956298404,0.4154755843978613,0.4617007346362371,0.453871964510759,0.4523376829283789,0.40312265063203157,0.3842785255561319,0.3612249612670356,0.2506386656754829,0.19713551305915,0.11880847125097445,0.03886846675363005,0.0,0,0,0,0,0
Winter Peak,0,0,0,0,0.0,0.0,0.0,0.05684709965485367,0.15755891634442143,0.1817926972353487,0.2269556525320767,0.24214110614230058,0.24300659831697657,0.24446219879256798,0.18069116174030653,0.057083142975219846,0.0,0.0,0.0,0,0,0,0,0
