onshore wind,Hour0,Hour1,Hour2,Hour3,Hour4,Hour5,Hour6,Hour7,Hour8,Hour9,Hour10,Hour11,Hour12,Hour13,Hour14,Hour15,Hour16,Hour17,Hour18,Hour19,Hour20,Hour21,Hour22,Hour23
Winter,0.415962355,0.420118244,0.42423373,0.42687655,0.424676124,0.427092145,0.425536636,0.406244118,0.341695004,0.283775348,0.262649085,0.259044066,0.257305896,0.257292995,0.256695101,0.276377387,0.331384984,0.3764579,0.403284017,0.413678238,0.416198661,0.417660292,0.410522573,0.410652609
Spring,0.494415982,0.480500774,0.464953963,0.456162317,0.447817139,0.422174289,0.352759097,0.292144038,0.270083332,0.266325912,0.263722433,0.261797146,0.264462586,0.27060598,0.279693008,0.290516254,0.299856012,0.333880962,0.388004407,0.450997376,0.494729189,0.507024889,0.509033571,0.510659446
Summer,0.445538926,0.439900775,0.423379686,0.407993812,0.389486603,0.317287033,0.212072661,0.187820488,0.18622661,0.181091104,0.179793427,0.189182342,0.206416334,0.238107877,0.270450615,0.312502032,0.356053529,0.377739295,0.421039021,0.459099795,0.459090595,0.45478535,0.457221608,0.454273505
Fall,0.400255055,0.402312585,0.40251997,0.404980429,0.395996617,0.384356482,0.345954054,0.257164381,0.205736689,0.186482509,0.177469573,0.171493167,0.170217811,0.178014599,0.187422143,0.192406749,0.214901003,0.280175818,0.341048818,0.368101706,0.384821819,0.387127699,0.383807615,0.389493426
Summer Peak,0.412488222,0.407627151,0.39083791,0.267827437,0.205258231,0.120199251,0.034359377,0.037248688,0.037170598,0.03652636,0.043378713,0.061261207,0.089061066,0.099095566,0.095308226,0.101477295,0.134470106,0.182026607,0.341426783,0.50699603,0.498972335,0.432654833,0.433357638,0.462153139
Winter Peak,0.159966325,0.16271898,0.182905114,0.213184314,0.279169936,0.37924162,0.470586804,0.462563109,0.53036431,0.710672949,0.723362491,0.69011589,0.644433537,0.518221394,0.399193486,0.286002766,0.315950087,0.309566271,0.284089574,0.234366089,0.183744576,0.128613394,0.122366235,0.162348055
