Unit: dimensionless (ratio of electricity demand in this hour to annual demand),Hour0,Hour1,Hour2,Hour3,Hour4,Hour5,Hour6,Hour7,Hour8,Hour9,Hour10,Hour11,Hour12,Hour13,Hour14,Hour15,Hour16,Hour17,Hour18,Hour19,Hour20,Hour21,Hour22,Hour23
Winter,0,0,0,0,0.0,0.0,0.026447966437478158,0.1905158683914075,0.36283261469137235,0.39949597948957005,0.39417414442761145,0.3922988773647204,0.40097113778502913,0.47327914384492886,0.4386270053995259,0.2186778930194615,0.029493454531328903,0.0,0.0,0,0,0,0,0
Spring,0,0,0,0,0.0021014577200387102,0.01802896186215248,0.33302214700830457,0.4769092991087489,0.531824607449218,0.5371232196510995,0.526299255686223,0.5272176142438045,0.5149078094678337,0.5211336471375079,0.5109316335888691,0.4460359844550398,0.28866859543075457,0.12036197260884764,0.0047171962323231805,0,0,0,0,0
Summer,0,0,0,0,0.006917456666143095,0.042863910662079514,0.3839220117245887,0.46894808044060937,0.5018696513530906,0.5109481007078329,0.5100740767013066,0.4952055349786941,0.48645136119738747,0.4593464833834104,0.4390615262232535,0.376081129695029,0.3007136596018504,0.14062539584420594,0.017987160714014273,0,0,0,0,0
Fall,0,0,0,0,0.0,0.0,0.25053635462258406,0.45357356416482475,0.4995997638702357,0.4928597492363036,0.4710234773355545,0.4694435476013534,0.4712278938791575,0.493939145003926,0.48699280339140416,0.3553581014861272,0.12512584990476483,0.03144193901509435,0.0,0,0,0,0,0
Summer Peak,0,0,0,0,0.0,0.013984384104416735,0.122013751311036,0.18203006642582448,0.2855145087985083,0.22712970516256847,0.3151147884861904,0.25241813308472205,0.31931010371751545,0.3489103834051975,0.40438177368605055,0.18727421046498074,0.0856543526395525,0.0034960960261041837,0.0,0,0,0,0,0
Winter Peak,0,0,0,0,0.0,0.0,0.00034960960261041835,0.020393893485607738,0.11478848619042069,0.06327933807248572,0.3095210348444237,0.2989162102319077,0.37617993240881015,0.23120848385969,0.0792448432583615,0.016548187856893135,0.0,0.0,0.0,0,0,0,0,0
