offshore wind,Hour0,Hour1,Hour2,Hour3,Hour4,Hour5,Hour6,Hour7,Hour8,Hour9,Hour10,Hour11,Hour12,Hour13,Hour14,Hour15,Hour16,Hour17,Hour18,Hour19,Hour20,Hour21,Hour22,Hour23
Winter,0.468654244,0.464968944,0.462939959,0.46057971,0.46115942,0.463271222,0.469482402,0.472505176,0.472008282,0.454202899,0.431759834,0.413084886,0.401325052,0.399337474,0.400745342,0.408074534,0.426666667,0.447287785,0.458343685,0.466501035,0.465465839,0.463271222,0.459917184,0.450227743
Spring,0.444720497,0.435041408,0.430175983,0.423136646,0.411904762,0.396687371,0.386645963,0.371273292,0.345600414,0.326811594,0.313250518,0.303467909,0.307815735,0.319047619,0.32489648,0.336076605,0.357867495,0.385351967,0.408850932,0.435559006,0.454296066,0.454865424,0.45931677,0.455641822
Summer,0.300821018,0.304050356,0.309688013,0.304214559,0.295238095,0.283798577,0.265681445,0.243240285,0.222605364,0.20290093,0.195347564,0.194471812,0.186535304,0.183908046,0.189053093,0.202572523,0.224958949,0.239737274,0.253639847,0.277285167,0.272851669,0.27044335,0.274931582,0.283141762
Fall,0.399453552,0.400312256,0.398672912,0.393130367,0.394769711,0.395706479,0.402029664,0.406557377,0.40312256,0.391647151,0.372989852,0.360421546,0.35175644,0.346526151,0.34980484,0.361202186,0.374004684,0.393286495,0.408977361,0.430523029,0.456518345,0.455893833,0.44863388,0.430210773
Summer Peak,0.079047619,0.068571429,0.058095238,0.060952381,0.062857143,0.061904762,0.059047619,0.062857143,0.06,0.05047619,0.05047619,0.06,0.056190476,0.061904762,0.074285714,0.07047619,0.059047619,0.043809524,0.038095238,0.056190476,0.086666667,0.117142857,0.136190476,0.146666667
Winter Peak,0.38,0.375238095,0.382857143,0.403809524,0.402857143,0.425714286,0.46952381,0.534285714,0.576190476,0.613333333,0.641904762,0.647619048,0.64952381,0.664761905,0.696190476,0.731428571,0.782857143,0.854285714,0.83047619,0.811428571,0.819047619,0.826666667,0.8,0.738095238
