solar pv,Hour0,Hour1,Hour2,Hour3,Hour4,Hour5,Hour6,Hour7,Hour8,Hour9,Hour10,Hour11,Hour12,Hour13,Hour14,Hour15,Hour16,Hour17,Hour18,Hour19,Hour20,Hour21,Hour22,Hour23
Winter,0.0,0.0,0.0,0.0,0.0,0.0,0.016859183,0.21020088,0.413296253,0.452608113,0.448544722,0.449069833,0.466027616,0.488843484,0.459643967,0.244058551,0.030748164,0.0,0.0,0.0,0.0,0.0,0.0,0.0
Spring,0.0,0.0,0.0,0.0,0.007576456,0.148614658,0.426585382,0.626211224,0.687422722,0.705419984,0.703105945,0.698677442,0.692581677,0.683119729,0.666689658,0.606837298,0.409026843,0.115443566,0.002481952,0.0,0.0,0.0,0.0,0.0
Summer,0.0,0.0,0.0,0.0,0.024661609,0.272381344,0.561722104,0.678120714,0.72364993,0.735660881,0.731482457,0.715308627,0.696497648,0.668417491,0.632425891,0.57269936,0.459004858,0.222118295,0.019986366,0.0,0.0,0.0,0.0,0.0
Fall,0.0,0.0,0.0,0.0,0.0,0.024311657,0.287684528,0.555841796,0.616772715,0.617031931,0.601513979,0.594428195,0.600402082,0.605884824,0.585687356,0.450629418,0.160747529,0.008323877,0.0,0.0,0.0,0.0,0.0,0.0
Summer Peak,0.0,0.0,0.0,0.0,0.0,0.141945048,0.411635437,0.549315371,0.610431323,0.600080621,0.598052092,0.532983109,0.508068606,0.477588651,0.33137849,0.260640027,0.157080998,0.051389413,0.0,0.0,0.0,0.0,0.0,0.0
Winter Peak,0.0,0.0,0.0,0.0,0.0,0.0,0.0,0.075159617,0.20831437,0.240354733,0.300066317,0.320143557,0.321287856,0.323212358,0.238898352,0.075471698,0.0,0.0,0.0,0.0,0.0,0.0,0.0,0.0
