Unit: dimensionless (ratio of electricity demand in this hour to annual demand),Hour0,Hour1,Hour2,Hour3,Hour4,Hour5,Hour6,Hour7,Hour8,Hour9,Hour10,Hour11,Hour12,Hour13,Hour14,Hour15,Hour16,Hour17,Hour18,Hour19,Hour20,Hour21,Hour22,Hour23
Winter,0,0,0,0,0.0,0.0,0.02002398451814795,0.24900150289255338,0.49132131019290554,0.5378981121199022,0.5334949457517552,0.534280876206946,0.5537855392913758,0.5791617771189753,0.5456611697856836,0.292236427644988,0.037295925720050235,0.0,0.0,0,0,0,0,0
Spring,0,0,0,0,0.0089965439737052,0.1764701538428488,0.5065421476773195,0.7435847344069303,0.816269371336196,0.8376399395262535,0.8348921703684011,0.8296336128767192,0.8223952920704742,0.8111598499434739,0.7916502189890788,0.7205794684647667,0.485692534499843,0.13708165835555441,0.002947155290244446,0,0,0,0,0
Summer,0,0,0,0,0.028011401932904238,0.318772774998456,0.6648500374604248,0.8053299874057783,0.8595549594111598,0.8727023601410339,0.8673894246132445,0.8476891348655855,0.82630245466483,0.7935655342608479,0.7500228253484895,0.6781108935989666,0.5407372050495043,0.25859710037514133,0.022904565875298415,0,0,0,0,0
Fall,0,0,0,0,0.0,0.028868497070321398,0.3416064986518518,0.6600256568362712,0.7323771251180832,0.7326849261530645,0.7142583766937918,0.7058444734020417,0.7129380722542681,0.7194484691454779,0.6954653010020747,0.5350928617497476,0.19087714182438936,0.009884058235145815,0.0,0,0,0,0,0
Summer Peak,0,0,0,0,0.0,0.16855042925081834,0.48879006855660556,0.6522759557779013,0.7248471372984991,0.7125563584707554,0.7101476128713483,0.6328824655672906,0.6032981285899573,0.5671051818911742,0.3934902106108332,0.309492928169971,0.1865233771848558,0.06102155518497931,0.0,0,0,0,0,0
Winter Peak,0,0,0,0,0.0,0.0,0.0,0.0892471125934161,0.2473596442468038,0.28540547217590023,0.35630906058921624,0.38014946575257863,0.3815082453214749,0.3837934655055278,0.2836761163609413,0.08961768883947872,0.0,0.0,0.0,0,0,0,0,0
