solar pv dist,Hour0,Hour1,Hour2,Hour3,Hour4,Hour5,Hour6,Hour7,Hour8,Hour9,Hour10,Hour11,Hour12,Hour13,Hour14,Hour15,Hour16,Hour17,Hour18,Hour19,Hour20,Hour21,Hour22,Hour23
Winter,0,0,0,0,0.0,0.0,0.026942233346675934,0.19257611609065545,0.3609947153215142,0.40073468684606545,0.3924545127506169,0.39015722298505784,0.4000395210855126,0.47885368584790466,0.4379503757036524,0.2165694684413997,0.02969249555387788,0.0,0.0,0,0,0,0,0
Spring,0,0,0,0,0.0021014577200387102,0.01802896186215248,0.33302214700830457,0.4769092991087489,0.531824607449218,0.5371232196510995,0.526299255686223,0.5272176142438045,0.5149078094678337,0.5211336471375079,0.5109316335888691,0.4460359844550398,0.28866859543075457,0.12036197260884764,0.0047171962323231805,0,0,0,0,0
Summer,0,0,0,0,0.007183740608427868,0.04356055278502224,0.389213271234095,0.47322941489283316,0.5031364401705452,0.5132175201293424,0.5121392223128617,0.4975132175201294,0.4865092217904566,0.45925976529274126,0.4378826785185661,0.377440402278758,0.30561505169801767,0.14422936533131878,0.01865656147570079,0,0,0,0,0
Fall,0,0,0,0,0.0,0.0,0.25053635462258406,0.45357356416482475,0.4995997638702357,0.4928597492363036,0.4710234773355545,0.4694435476013534,0.4712278938791575,0.493939145003926,0.48699280339140416,0.3553581014861272,0.12512584990476483,0.03144193901509435,0.0,0,0,0,0,0
Summer Peak,0,0,0,0,0.002284116070388067,0.030742337722876125,0.29185409625917724,0.3944528609719146,0.4798275259293788,0.4714602027735695,0.4741405430602494,0.45505185875772053,0.4854445868779863,0.46085537816105343,0.4595734762848153,0.3524297867381424,0.21542943712853976,0.0779163267684419,0.00633958746066892,0,0,0,0,0
Winter Peak,0,0,0,0,0.0,0.0,0.01507982752592938,0.14313017130870528,0.4051043001981121,0.371005710290176,0.43372567299848497,0.44155692809695835,0.4223983218739074,0.3450646777764829,0.45418948840461476,0.2671716583148817,0.024915511012702486,0.0,0.0,0,0,0,0,0
