solar pv dist,Hour0,Hour1,Hour2,Hour3,Hour4,Hour5,Hour6,Hour7,Hour8,Hour9,Hour10,Hour11,Hour12,Hour13,Hour14,Hour15,Hour16,Hour17,Hour18,Hour19,Hour20,Hour21,Hour22,Hour23
Winter,0.0,0.0,0.0,0.0,0.0,0.0,0.026942233,0.192576116,0.360994715,0.400734687,0.392454513,0.390157223,0.400039521,0.478853686,0.437950376,0.216569468,0.029692496,0.0,0.0,0.0,0.0,0.0,0.0,0.0
Spring,0.0,0.0,0.0,0.0,0.002101458,0.018028962,0.333022147,0.476909299,0.531824607,0.53712322,0.526299256,0.527217614,0.514907809,0.521133647,0.510931634,0.446035984,0.288668595,0.120361973,0.004717196,0.0,0.0,0.0,0.0,0.0
Summer,0.0,0.0,0.0,0.0,0.007183741,0.043560553,0.389213271,0.473229415,0.50313644,0.51321752,0.512139222,0.497513218,0.486509222,0.459259765,0.437882679,0.377440402,0.305615052,0.144229365,0.018656561,0.0,0.0,0.0,0.0,0.0
Fall,0.0,0.0,0.0,0.0,0.0,0.0,0.250536355,0.453573564,0.499599764,0.492859749,0.471023477,0.469443548,0.471227894,0.493939145,0.486992803,0.355358101,0.12512585,0.031441939,0.0,0.0,0.0,0.0,0.0,0.0
Summer Peak,0.0,0.0,0.0,0.0,0.0,0.013984384,0.122013751,0.182030066,0.285514509,0.227129705,0.315114788,0.252418133,0.319310104,0.348910383,0.404381774,0.18727421,0.085654353,0.003496096,0.0,0.0,0.0,0.0,0.0,0.0
Winter Peak,0.0,0.0,0.0,0.0,0.0,0.0,0.00034961,0.020393893,0.114788486,0.063279338,0.309521035,0.29891621,0.376179932,0.231208484,0.079244843,0.016548188,0.0,0.0,0.0,0.0,0.0,0.0,0.0,0.0
