pumped hydro,Hour0,Hour1,Hour2,Hour3,Hour4,Hour5,Hour6,Hour7,Hour8,Hour9,Hour10,Hour11,Hour12,Hour13,Hour14,Hour15,Hour16,Hour17,Hour18,Hour19,Hour20,Hour21,Hour22,Hour23
Winter,0.006879878328741965,0.0,0.0,0.0,0.0035009182736455463,0.016342401285583105,0.021998393021120298,0.006879878328741965,0,0,0,0,0,0.0,0.0,0.0,0.11258465335169879,0.24797692837465568,0.17765008034894403,0.15143336776859506,0.12105429292929294,0.07914801423324151,0.0688776974288338,0.023493457300275487
Spring,0.027381647502694933,0.027213214157384123,0.0348207869205893,0.05492798538747155,0.07333587854832915,0.064498742364355,0.03778895676128878,0.0004004970655168284,0,0,0,0,0,0.0,0.007076071984668823,0.008973754341837347,0.01697433824410109,0.34723282728470484,0.5151721014492754,0.5506160917475147,0.5074166816385197,0.43491174092705726,0.28298486345670143,0.07311317223619594
Summer,0.009016798418972332,0.0,0.0,0.0,0.0,0.0,0.0,0.0,0,0,0,0,0,0.002182147562582345,0.008973754341837347,0.011352407473948977,0.06400654269972451,0.16174092705713258,0.3587648969936519,0.42026365432985985,0.3619688735177867,0.24401687327823687,0.09470258414181343,0.02080900407234399
Fall,0.0005165289256198347,0.0,0.0,0.0,0.0,0.004809646389378133,0.027068373752427405,0.0,0,0,0,0,0,0.0,0.0,0.0,0.26716682473016307,0.37374960484125913,0.2615809736711376,0.29998475816285053,0.265704737388791,0.18390970058257688,0.07983053335139774,0.026359910581222057
Summer Peak,0.0,0.0,0.0,0.0,0.0,0.0,0.0,0.0,0,0,0,0,0,0.0,0.0,0.0,0.0,0.0,0.24431818181818185,0.40392561983471076,0.3135330578512397,0.0,0.0,0.0
Winter Peak,0.0,0.0,0.0,0.0,0.0,0.0,0.0,0.0,0,0,0,0,0,0.0,0.0,0.0,0.0,0.0,0.0,0.0,0.0,0.0,0.0,0.0
