solar pv,Hour0,Hour1,Hour2,Hour3,Hour4,Hour5,Hour6,Hour7,Hour8,Hour9,Hour10,Hour11,Hour12,Hour13,Hour14,Hour15,Hour16,Hour17,Hour18,Hour19,Hour20,Hour21,Hour22,Hour23
Winter,0,0,0,0,0.0,0.0,0.02001917329273107,0.24959975080090105,0.4907621786660866,0.5374424331284425,0.5326174229913023,0.533240957805329,0.5533772117091351,0.5804695576984528,0.5457970477425732,0.28980351402953336,0.03651142744358782,0.0,0.0,0,0,0,0,0
Spring,0,0,0,0,0.0089965439737052,0.1764701538428488,0.5065421476773195,0.7435847344069303,0.816269371336196,0.8376399395262535,0.8348921703684011,0.8296336128767192,0.8223952920704742,0.8111598499434739,0.7916502189890788,0.7205794684647667,0.485692534499843,0.13708165835555441,0.002947155290244446,0,0,0,0,0
Summer,0,0,0,0,0.02928404243310994,0.3234349720328522,0.6670081363493412,0.8052238472203587,0.8592868040070509,0.8735490200672007,0.8685874158838067,0.8493820534609479,0.827045250767242,0.7937019076157678,0.7509642436517523,0.6800429073339309,0.545038147345943,0.26375089893136316,0.02373249790397249,0,0,0,0,0
Fall,0,0,0,0,0.0,0.028868497070321398,0.3416064986518518,0.6600256568362712,0.7323771251180832,0.7326849261530645,0.7142583766937918,0.7058444734020417,0.7129380722542681,0.7194484691454779,0.6954653010020747,0.5350928617497476,0.19087714182438936,0.009884058235145815,0.0,0,0,0,0,0
Summer Peak,0,0,0,0,0.0,0.16855042925081834,0.48879006855660556,0.6522759557779013,0.7248471372984991,0.7125563584707554,0.7101476128713483,0.6328824655672906,0.6032981285899573,0.5671051818911742,0.3934902106108332,0.309492928169971,0.1865233771848558,0.06102155518497931,0.0,0,0,0,0,0
Winter Peak,0,0,0,0,0.0,0.0,0.0,0.0892471125934161,0.2473596442468038,0.28540547217590023,0.35630906058921624,0.38014946575257863,0.3815082453214749,0.3837934655055278,0.2836761163609413,0.08961768883947872,0.0,0.0,0.0,0,0,0,0,0
